canonical_id,team_idx,team_name,conference,season,bullpen_quality_z,bullpen_adj,wrc_plus,wrc_offense_adj,conf_strength_adj,batting_fb_pct,batting_fb_factor,pct_rhb,pct_lhb,effective_rhb_frac,n_games
NCAA_614563,58,Bucknell,Patriot,2026,0.0,-0.0,89.78,-0.071335,-0.08955399061032865,37.4,0.9531,0.7778,0.2222,0.7778,
NCAA_614564,59,Butler,Big East,2026,0.0,-0.0,113.36,0.093283,-0.034480642115203027,41.7,1.0618,0.5263,0.4211,0.5526,
NCAA_614565,60,Cal Poly,Big West,2026,0.4619027235756742,-0.046190272357567425,95.92,-0.028504,-0.011920384951881007,37.9,0.9649,0.682,0.29,0.696,
NCAA_614566,61,CSU Bakersfield,Big West,2026,0.0184763710295271,-0.0018476371029527102,102.17,0.015145,-0.011920384951881007,34.6,0.8808,0.6,0.375,0.6125,
NCAA_614567,62,Cal St. Fullerton,Big West,2026,0.8765430199260354,-0.08765430199260354,91.52,-0.059217,-0.011920384951881007,40.7,1.0369,0.7778,0.2222,0.7778,
NCAA_614568,63,Long Beach St.,Big West,2026,-0.051440082011209,0.0051440082011209,93.22,-0.047346,-0.011920384951881007,41.8,1.0653,0.6585,0.3415,0.6585,
NCAA_614569,64,CSUN,Big West,2026,0.1051225712764766,-0.01051225712764766,111.54,0.080567,-0.011920384951881007,42.6,1.0849,0.682,0.29,0.696,
NCAA_614570,65,Sacramento St.,WAC,2026,0.2534008453277639,-0.02534008453277639,86.46,-0.094578,-0.049385113268608415,38.0,0.9672,0.6944,0.2778,0.7083,
BSB_UC_SANTA_BARBARA,50,UC Santa Barbara,Big West,2026,0.9724006620555392,-0.09724006620555392,106.29,0.043908,-0.011920384951881007,36.5,0.9291,0.682,0.29,0.696,
NCAA_614572,66,California,ACC,2026,0.473570357225759,-0.04735703572257591,109.96,0.069577,0.08763112639724847,39.1,0.9969,0.7674,0.1628,0.8023,
NCAA_614573,67,UC Davis,Big West,2026,0.1948069520023899,-0.01948069520023899,73.84,-0.182664,-0.011920384951881007,39.7,1.0107,0.7647,0.2353,0.7647,
NCAA_614574,68,UC Irvine,Big West,2026,0.4506495425724542,-0.045064954257245424,95.57,-0.030906,-0.011920384951881007,36.8,0.9384,0.5238,0.4286,0.5476,
BSB_UCLA,49,UCLA,Big Ten,2026,1.5262929947861954,-0.15262929947861956,119.84,0.138543,0.034017264276228434,41.9,1.0669,0.5263,0.4737,0.5263,
NCAA_614576,69,UC Riverside,Big West,2026,0.2015865024742294,-0.020158650247422943,76.62,-0.163273,-0.011920384951881007,33.4,0.8506,0.6364,0.3333,0.6515,
NCAA_614577,70,Campbell,CAA,2026,0.91572526420592,-0.09157252642059201,110.55,0.073667,-0.04763211382113821,45.0,1.1457,0.682,0.29,0.696,
NCAA_614578,71,Canisius,MAAC,2026,-0.56026425166787,0.056026425166787,91.12,-0.061981,-0.13712903225806453,40.7,1.0379,0.5909,0.4091,0.5909,
NCAA_614579,72,Central Conn. St.,NEC,2026,0.0,-0.0,105.39,0.037627,-0.15,40.0,1.0189,0.682,0.29,0.696,
BSB_UCF,48,UCF,Big 12,2026,0.9914775236652498,-0.09914775236652498,105.85,0.040816,0.05291589363017936,36.8,0.9383,0.5714,0.381,0.5952,
NCAA_614581,73,Central Mich.,MAC,2026,0.0,-0.0,107.45,0.052018,-0.09166666666666667,43.1,1.0985,0.682,0.29,0.696,
BSB_CINCINNATI,8,Cincinnati,Big 12,2026,0.8507366586259544,-0.08507366586259545,119.9,0.138945,0.05291589363017936,41.3,1.0518,0.682,0.29,0.696,
NCAA_614583,74,The Citadel,SoCon,2026,0.0823931834062518,-0.008239318340625182,79.87,-0.14057,-0.07245664739884393,30.5,0.7776,0.6957,0.2609,0.7174,
BSB_CLEMSON,9,Clemson,ACC,2026,1.3642537666603862,-0.13642537666603863,116.42,0.114634,0.08763112639724847,35.8,0.9132,0.682,0.29,0.696,
BSB_COASTAL_CAROLINA,10,Coastal Carolina,Sun Belt,2026,1.2171138871279013,-0.12171138871279014,107.16,0.049989,0.009272211720226851,41.1,1.0471,0.5882,0.3529,0.6176,
NCAA_614586,75,Columbia,Ivy League,2026,-0.0477018555061235,0.0047701855506123506,92.57,-0.051868,-0.14660818713450297,39.4,1.0031,0.682,0.29,0.696,
NCAA_614587,76,UConn,Big East,2026,0.2544554630570497,-0.02544554630570497,118.34,0.128074,-0.034480642115203027,40.2,1.0249,0.682,0.29,0.696,
NCAA_614588,77,Coppin St.,NEC,2026,-2.173271938706226,0.2173271938706226,87.51,-0.087189,-0.15,34.1,0.8683,0.8125,0.125,0.8438,
NCAA_614589,78,Cornell,Ivy League,2026,0.3985060178828965,-0.039850601788289655,89.39,-0.074125,-0.14660818713450297,35.6,0.9075,0.8,0.2,0.8,
NCAA_614590,79,Creighton,Big East,2026,0.7230127034996995,-0.07230127034996996,95.79,-0.029428,-0.034480642115203027,37.6,0.9574,0.6486,0.3243,0.6622,
NCAA_614591,80,Dartmouth,Ivy League,2026,0.1198535386627346,-0.01198535386627346,65.74,-0.239245,-0.14660818713450297,31.0,0.7903,0.7333,0.2,0.7667,
NCAA_614592,81,Davidson,Atlantic 10,2026,0.0,-0.0,120.45,0.142793,-0.0940284757118928,39.6,1.009,0.7317,0.2439,0.7439,
NCAA_614593,82,Dayton,Atlantic 10,2026,0.4219285357937677,-0.04219285357937677,124.94,0.174153,-0.0940284757118928,42.7,1.0891,0.7105,0.2632,0.7237,
NCAA_614594,83,Delaware St.,NEC,2026,-3.013845175361712,0.30138451753617124,83.66,-0.114115,-0.15,38.5,0.98,0.682,0.29,0.696,
NCAA_614595,84,Delaware,CUSA,2026,-0.1169220224693566,0.01169220224693566,94.98,-0.035089,-0.0105483870967742,41.3,1.0512,0.682,0.29,0.696,
BSB_EAST_CAROLINA,12,East Carolina,American,2026,0.7661654913910011,-0.07661654913910011,111.57,0.080826,-0.002210056772100565,36.9,0.9395,0.641,0.3077,0.6667,
NCAA_614597,85,ETSU,SoCon,2026,0.8225863080996692,-0.08225863080996693,129.93,0.208992,-0.07245664739884393,39.9,1.016,0.6364,0.3636,0.6364,
NCAA_614598,86,Eastern Ill.,OVC,2026,-0.6948641111274251,0.06948641111274251,108.02,0.056025,-0.05965174129353233,39.2,0.9976,0.7778,0.2222,0.7778,
NCAA_614599,87,Eastern Ky.,ASUN,2026,0.0713209813965885,-0.00713209813965885,92.69,-0.051044,-0.06387780548628429,37.5,0.9553,0.5952,0.3333,0.631,
NCAA_614600,88,Eastern Mich.,MAC,2026,0.0,-0.0,100.16,0.001092,-0.09166666666666667,40.0,1.0201,0.682,0.29,0.696,
NCAA_614601,89,Fairfield,MAAC,2026,0.1401915471670474,-0.014019154716704741,87.9,-0.084462,-0.13712903225806453,42.2,1.0751,0.7241,0.2759,0.7241,
NCAA_614602,90,FDU,NEC,2026,-0.3184968871768844,0.031849688717688444,125.53,0.178251,-0.15,39.7,1.0103,0.6111,0.3889,0.6111,
NCAA_614603,91,Florida A&M,SWAC,2026,0.3088997224426096,-0.03088997224426096,87.07,-0.090292,-0.1444750656167979,42.8,1.0902,0.7097,0.2581,0.7258,
NCAA_614604,92,Fla. Atlantic,American,2026,0.8510748879107575,-0.08510748879107576,101.55,0.010819,-0.002210056772100565,36.0,0.9183,0.682,0.29,0.696,
NCAA_614605,93,FIU,CUSA,2026,0.4939173184313866,-0.049391731843138664,112.43,0.086818,-0.0105483870967742,40.8,1.0394,0.6047,0.3488,0.6279,
NCAA_614606,94,Florida St.,ACC,2026,0.7952857037574659,-0.0795285703757466,121.85,0.152575,0.08763112639724847,38.9,0.9918,0.6216,0.3243,0.6486,
BSB_FLORIDA,13,Florida,SEC,2026,1.257090341570644,-0.12570903415706441,119.61,0.136943,0.1074403815580286,41.2,1.0509,0.5854,0.3902,0.5976,
NCAA_614608,95,Fordham,Atlantic 10,2026,0.0,-0.0,87.66,-0.086166,-0.0940284757118928,39.4,1.0049,0.6667,0.3333,0.6667,
NCAA_614609,96,George Mason,Atlantic 10,2026,0.0822530181080747,-0.00822530181080747,101.95,0.013596,-0.0940284757118928,37.4,0.9519,0.682,0.29,0.696,
NCAA_614610,97,George Washington,Atlantic 10,2026,0.0,-0.0,108.76,0.061171,-0.0940284757118928,36.8,0.9375,0.682,0.29,0.696,
NCAA_614611,98,Georgetown,Big East,2026,0.2883869567988834,-0.028838695679888338,111.62,0.081144,-0.034480642115203027,35.8,0.9129,0.6316,0.1579,0.7368,
NCAA_614612,99,Ga. Southern,Sun Belt,2026,0.5592339278028087,-0.05592339278028087,100.11,0.000765,0.009272211720226851,38.8,0.9891,0.5526,0.3684,0.5921,
NCAA_614613,100,Georgia St.,Sun Belt,2026,0.2502479227470858,-0.02502479227470858,97.74,-0.015793,0.009272211720226851,41.4,1.0542,0.682,0.29,0.696,
BSB_GEORGIA_TECH,15,Georgia Tech,ACC,2026,1.0143903446918754,-0.10143903446918755,154.85,0.38299,0.08763112639724847,39.8,1.0134,0.682,0.29,0.696,
BSB_GEORGIA,14,Georgia,SEC,2026,1.153225777368628,-0.11532257773686282,156.88,0.397229,0.1074403815580286,50.1,1.2753,0.675,0.325,0.675,
BSB_GONZAGA,16,Gonzaga,WCC,2026,0.2219995049888228,-0.02219995049888228,74.72,-0.176541,-0.07851209253417454,37.7,0.9613,0.7778,0.2222,0.7778,
NCAA_614617,101,Harvard,Ivy League,2026,-0.610388285154793,0.06103882851547931,69.19,-0.215123,-0.14660818713450297,35.3,0.9006,0.7857,0.1786,0.8036,
NCAA_614618,102,Hawaii,Big West,2026,1.389073670237614,-0.1389073670237614,86.24,-0.096059,-0.011920384951881007,36.8,0.9371,0.6667,0.3077,0.6795,
NCAA_614619,103,Hofstra,CAA,2026,0.6728548112864716,-0.06728548112864717,86.82,-0.092065,-0.04763211382113821,36.0,0.9178,0.7143,0.2381,0.7381,
NCAA_614620,104,Holy Cross,Patriot,2026,-0.5912982186823805,0.05912982186823806,94.46,-0.038656,-0.08955399061032865,39.0,0.9932,0.75,0.225,0.7625,
NCAA_614621,105,Houston Christian,Southland,2026,0.7913189228339264,-0.07913189228339264,89.92,-0.070388,-0.109,37.5,0.9547,0.7895,0.2105,0.7895,
BSB_HOUSTON,17,Houston,Big 12,2026,0.9003565433991936,-0.09003565433991936,105.52,0.038545,0.05291589363017936,39.5,1.0071,0.682,0.29,0.696,
NCAA_614623,106,Illinois St.,MVC,2026,0.5134412451335832,-0.051344124513358326,109.72,0.067842,-0.0747113997113997,41.3,1.051,0.682,0.29,0.696,
BSB_ILLINOIS,18,Illinois,Big Ten,2026,0.9340448734649776,-0.09340448734649776,105.48,0.038279,0.034017264276228434,42.2,1.0742,0.682,0.29,0.696,
NCAA_614625,107,UIC,MVC,2026,-0.2364732529233228,0.02364732529233228,97.62,-0.016588,-0.0747113997113997,39.3,1.0023,0.682,0.29,0.696,
NCAA_614626,108,Indiana St.,MVC,2026,0.0665090804547337,-0.0066509080454733695,96.1,-0.027212,-0.0747113997113997,40.2,1.0246,0.8095,0.1429,0.8333,
BSB_INDIANA,19,Indiana,Big Ten,2026,0.6092657177903267,-0.06092657177903267,95.98,-0.02808,0.034017264276228434,34.6,0.8805,0.682,0.29,0.696,
NCAA_614629,109,Iona,MAAC,2026,-0.140684398051687,0.014068439805168701,86.89,-0.091544,-0.13712903225806453,34.9,0.8902,0.9091,0.0909,0.9091,
BSB_IOWA,20,Iowa,Big Ten,2026,0.6560142828642138,-0.06560142828642139,120.34,0.142071,0.034017264276228434,37.8,0.9626,0.5909,0.4091,0.5909,
NCAA_614631,110,Jackson St.,SWAC,2026,0.0,-0.0,100.36,0.00251,-0.1444750656167979,34.6,0.8812,0.7297,0.2703,0.7297,
NCAA_614632,111,Jacksonville St.,CUSA,2026,1.0488680590093622,-0.10488680590093623,111.03,0.077054,-0.0105483870967742,43.2,1.1004,0.3529,0.5294,0.4118,
NCAA_614633,112,Jacksonville,ASUN,2026,0.1671035546347114,-0.016710355463471143,108.29,0.057901,-0.06387780548628429,39.7,1.0126,0.682,0.29,0.696,
NCAA_614634,113,James Madison,Sun Belt,2026,0.7611575824466221,-0.07611575824466221,102.31,0.016139,0.009272211720226851,41.4,1.0537,0.6216,0.3243,0.6486,
NCAA_614635,114,Kansas St.,Big 12,2026,0.8300802849235547,-0.08300802849235547,130.48,0.212831,0.05291589363017936,42.6,1.086,0.7105,0.2895,0.7105,
BSB_KANSAS,21,Kansas,Big 12,2026,0.7601306828596207,-0.07601306828596208,105.79,0.040405,0.05291589363017936,42.9,1.0923,0.682,0.29,0.696,
NCAA_614637,115,Kent St.,MAC,2026,0.7862637033055204,-0.07862637033055205,110.13,0.07072,-0.09166666666666667,37.6,0.9586,0.682,0.29,0.696,
BSB_KENTUCKY,22,Kentucky,SEC,2026,0.9780920934248916,-0.09780920934248916,114.26,0.099577,0.1074403815580286,41.1,1.0471,0.682,0.29,0.696,
NCAA_614639,116,Lafayette,Patriot,2026,-0.5238779711493395,0.05238779711493396,88.15,-0.082782,-0.08955399061032865,46.1,1.1751,0.8947,0.1053,0.8947,
NCAA_614640,117,Lamar University,Southland,2026,0.0,-0.0,96.43,-0.024951,-0.109,40.4,1.0287,0.55,0.35,0.6,
NCAA_614641,118,Lehigh,Patriot,2026,-0.8597874500644166,0.08597874500644166,72.94,-0.18899,-0.08955399061032865,35.6,0.9076,0.75,0.25,0.75,
BSB_LIBERTY,23,Liberty,CUSA,2026,0.059104489981643,-0.0059104489981643,104.74,0.033129,-0.0105483870967742,42.7,1.0868,0.6111,0.3611,0.625,
NCAA_614643,119,Longwood,Big South,2026,1.1192167090668197,-0.11192167090668198,113.72,0.095838,-0.08894097222222223,38.7,0.9858,0.8889,0.1111,0.8889,
BSB_LSU,26,LSU,SEC,2026,1.2601354483513187,-0.12601354483513189,115.81,0.110406,0.1074403815580286,43.7,1.1142,0.682,0.29,0.696,
NCAA_614645,120,Louisiana Tech,CUSA,2026,0.1195391344505703,-0.01195391344505703,102.64,0.018414,-0.0105483870967742,45.1,1.1483,0.5952,0.3571,0.619,
BSB_LOUISVILLE,25,Louisville,ACC,2026,0.7045973233325419,-0.07045973233325419,134.01,0.237485,0.08763112639724847,39.4,1.003,0.5581,0.3721,0.593,
NCAA_614647,121,UMass Lowell,America East,2026,0.0,-0.0,86.22,-0.096261,-0.12306451612903227,36.5,0.9306,0.682,0.29,0.696,
NCAA_614648,122,LMU (CA),WCC,2026,-0.2599129130803591,0.02599129130803591,103.71,0.025932,-0.07851209253417454,41.2,1.049,0.8333,0.1667,0.8333,
NCAA_614649,123,Maine,America East,2026,-1.00931618119657,0.10093161811965701,100.22,0.001524,-0.12306451612903227,42.7,1.0886,0.8,0.2,0.8,
NCAA_614650,124,Manhattan,MAAC,2026,0.0,-0.0,104.77,0.033337,-0.13712903225806453,42.4,1.0801,0.6667,0.3056,0.6806,
NCAA_614651,125,Marist,MAAC,2026,-1.073345362493392,0.1073345362493392,98.26,-0.012125,-0.13712903225806453,37.8,0.9629,0.682,0.29,0.696,
NCAA_614652,126,Marshall,Sun Belt,2026,-0.8912192060703765,0.08912192060703766,106.64,0.046367,0.009272211720226851,38.9,0.99,0.5263,0.4737,0.5263,
NCAA_614653,127,UMBC,America East,2026,0.0,-0.0,99.77,-0.001637,-0.12306451612903227,36.0,0.9162,0.8485,0.1212,0.8636,
BSB_MARYLAND,27,Maryland,Big Ten,2026,0.45442308945975,-0.04544230894597501,111.79,0.082341,0.034017264276228434,39.6,1.0088,0.682,0.29,0.696,
NCAA_614655,128,UMES,NEC,2026,-2.132991847494389,0.2132991847494389,100.19,0.001331,-0.15,40.7,1.0371,0.682,0.29,0.696,
NCAA_614656,129,Massachusetts,MAC,2026,0.0,-0.0,95.89,-0.02873,-0.09166666666666667,39.6,1.0079,0.6875,0.3125,0.6875,
NCAA_614657,130,McNeese,Southland,2026,0.8371529768037681,-0.08371529768037682,100.65,0.004542,-0.109,38.8,0.9892,0.682,0.29,0.696,
NCAA_614658,131,Memphis,American,2026,0.0,-0.0,101.35,0.009424,-0.002210056772100565,38.4,0.9787,0.6842,0.3158,0.6842,
NCAA_614659,132,Mercer,SoCon,2026,0.7059925137261989,-0.0705992513726199,135.17,0.24562,-0.07245664739884393,42.1,1.0724,0.6316,0.3158,0.6579,
NCAA_614660,133,Miami (OH),MAC,2026,-0.0592093612401241,0.0059209361240124105,130.31,0.211675,-0.09166666666666667,38.2,0.9744,0.682,0.29,0.696,
NCAA_614661,134,Miami (FL),ACC,2026,0.6734220638220376,-0.06734220638220377,128.69,0.200344,0.08763112639724847,39.3,1.0004,0.682,0.29,0.696,
NCAA_614662,135,Michigan St.,Big Ten,2026,0.8051111074337745,-0.08051111074337745,83.37,-0.116119,0.034017264276228434,40.0,1.0192,0.875,0.125,0.875,
BSB_MICHIGAN,28,Michigan,Big Ten,2026,0.84303444582459,-0.084303444582459,99.01,-0.006935,0.034017264276228434,38.3,0.9767,0.682,0.29,0.696,
NCAA_614664,136,Middle Tenn.,CUSA,2026,0.4340757997157448,-0.04340757997157448,116.77,0.117115,-0.0105483870967742,39.3,1.0014,0.682,0.29,0.696,
BSB_MINNESOTA,29,Minnesota,Big Ten,2026,0.6519806114113813,-0.06519806114113813,112.73,0.088913,0.034017264276228434,43.7,1.1144,0.5,0.4444,0.5278,
NCAA_614666,137,Mississippi St.,SEC,2026,1.6408582757488397,-0.164085827574884,135.58,0.248459,0.1074403815580286,38.1,0.9719,0.6829,0.2927,0.6951,
NCAA_614667,138,Mississippi Val.,SWAC,2026,-1.2485193143642164,0.12485193143642165,88.56,-0.079863,-0.1444750656167979,40.5,1.0314,0.682,0.29,0.696,
BSB_OLE_MISS,37,Ole Miss,SEC,2026,1.3747176273563482,-0.13747176273563483,114.77,0.103153,0.1074403815580286,41.4,1.0551,0.3529,0.5294,0.4118,
BSB_MISSOURI,30,Missouri,SEC,2026,0.6465186851367347,-0.06465186851367348,111.92,0.083238,0.1074403815580286,34.3,0.8742,0.6818,0.2903,0.6958,
NCAA_614670,139,Monmouth,CAA,2026,-0.6483540343025707,0.06483540343025707,117.28,0.120675,-0.04763211382113821,39.1,0.9966,0.775,0.225,0.775,
NCAA_614671,140,Morehead St.,OVC,2026,-0.3572188435070695,0.03572188435070695,119.67,0.137355,-0.05965174129353233,41.2,1.0492,0.682,0.29,0.696,
NCAA_614672,141,Mount St. Mary's,MAAC,2026,-0.5493833884648419,0.05493833884648419,110.79,0.075321,-0.13712903225806453,40.8,1.039,0.6667,0.3333,0.6667,
NCAA_614673,142,Murray St.,MVC,2026,0.4814420609344641,-0.04814420609344641,106.2,0.043274,-0.0747113997113997,38.7,0.9872,0.6579,0.3158,0.6711,
NCAA_614674,143,UNC Asheville,Big South,2026,0.0,-0.0,97.52,-0.017339,-0.08894097222222223,37.9,0.9649,0.8,0.2,0.8,
BSB_NORTH_CAROLINA,34,North Carolina,ACC,2026,0.7985918757661034,-0.07985918757661034,116.62,0.11607,0.08763112639724847,41.8,1.0647,0.6842,0.3158,0.6842,
NCAA_614676,144,Charlotte,American,2026,0.3715869512221258,-0.037158695122212586,113.9,0.097069,-0.002210056772100565,36.8,0.9386,0.7419,0.2258,0.7581,
NCAA_614677,145,UNC Greensboro,SoCon,2026,0.5488927958893328,-0.05488927958893328,95.69,-0.030083,-0.07245664739884393,39.3,1.0022,0.682,0.29,0.696,
NCAA_614678,146,UNCW,CAA,2026,0.7544901999323953,-0.07544901999323954,109.51,0.066376,-0.04763211382113821,38.8,0.9883,0.55,0.45,0.55,
NCAA_614679,147,Omaha,Summit League,2026,0.7562993374374607,-0.07562993374374608,88.45,-0.080672,-0.12152873563218392,36.1,0.9197,0.7647,0.2353,0.7647,
NCAA_614680,148,UNLV,Mountain West,2026,-0.2804915501927022,0.028049155019270224,119.93,0.139163,-0.05571111111111111,37.7,0.9595,0.7222,0.2778,0.7222,
NCAA_614681,149,Nevada,Mountain West,2026,0.4110118996600737,-0.04110118996600737,109.39,0.065572,-0.05571111111111111,39.7,1.0104,0.7059,0.2941,0.7059,
NCAA_614682,150,NJIT,America East,2026,-0.0138363926377958,0.00138363926377958,89.28,-0.074875,-0.12306451612903227,43.0,1.0963,0.682,0.29,0.696,
NCAA_614683,151,New Mexico St.,CUSA,2026,0.0,-0.0,120.69,0.144463,-0.0105483870967742,37.7,0.9614,0.8438,0.125,0.8594,
NCAA_614684,152,New Mexico,Mountain West,2026,0.0,-0.0,131.91,0.222822,-0.05571111111111111,41.1,1.0482,0.682,0.29,0.696,
NCAA_614685,153,New Orleans,Southland,2026,0.9314435971999128,-0.09314435971999128,110.99,0.07676,-0.109,37.7,0.9606,0.7,0.25,0.725,
NCAA_614686,154,Niagara,MAAC,2026,0.4199731750571753,-0.04199731750571753,85.57,-0.100788,-0.13712903225806453,37.2,0.9479,0.682,0.29,0.696,
NCAA_614687,155,Norfolk St.,NEC,2026,0.0,-0.0,88.37,-0.081203,-0.15,39.8,1.0151,0.7667,0.2333,0.7667,
NCAA_614688,156,N.C. A&T,CAA,2026,0.0,-0.0,76.69,-0.162751,-0.04763211382113821,33.0,0.842,0.8571,0.1429,0.8571,
BSB_NC_STATE,31,NC State,ACC,2026,0.7632667926993648,-0.07632667926993648,122.57,0.157602,0.08763112639724847,41.9,1.0672,0.6571,0.3143,0.6714,
NCAA_614690,157,North Dakota St.,Summit League,2026,0.2986752551235407,-0.02986752551235407,84.5,-0.108249,-0.12152873563218392,40.4,1.0293,0.4737,0.4737,0.5,
NCAA_614691,158,ULM,Sun Belt,2026,0.0138033060801506,-0.00138033060801506,117.46,0.12191,0.009272211720226851,33.6,0.8561,0.8571,0.1429,0.8571,
NCAA_614692,159,Northeastern,CAA,2026,0.6363339010463034,-0.06363339010463034,103.75,0.026215,-0.04763211382113821,38.8,0.9884,0.5294,0.4706,0.5294,
NCAA_614693,160,Northern Colo.,Summit League,2026,-0.8095239912825339,0.0809523991282534,91.38,-0.060169,-0.12152873563218392,35.3,0.8997,0.7143,0.2857,0.7143,
NCAA_614694,161,NIU,MAC,2026,0.0,-0.0,113.72,0.095826,-0.09166666666666667,46.7,1.1888,0.5294,0.4706,0.5294,
NCAA_614695,162,Northern Ky.,Horizon,2026,0.0614153634630852,-0.0061415363463085204,103.93,0.027458,-0.10790726817042608,40.8,1.0407,0.6667,0.3333,0.6667,
NCAA_614696,163,Northwestern St.,Southland,2026,0.5071518299101366,-0.050715182991013665,99.08,-0.006453,-0.109,39.6,1.0101,0.6905,0.2857,0.7024,
BSB_NORTHWESTERN,33,Northwestern,Big Ten,2026,-0.2965420338590099,0.029654203385900992,92.64,-0.051407,0.034017264276228434,43.9,1.1182,0.682,0.29,0.696,
BSB_NOTRE_DAME,35,Notre Dame,ACC,2026,0.4867169126339145,-0.04867169126339145,115.34,0.107154,0.08763112639724847,37.7,0.9598,0.6842,0.3158,0.6842,
NCAA_614699,164,Oakland,Horizon,2026,0.0,-0.0,83.06,-0.118302,-0.10790726817042608,37.8,0.9635,0.5294,0.4706,0.5294,
NCAA_614700,165,Ohio St.,Big Ten,2026,0.1254100471654635,-0.012541004716546351,96.7,-0.023029,0.034017264276228434,40.5,1.0317,0.8108,0.1892,0.8108,
NCAA_614701,166,Ohio,MAC,2026,-1.1904962640790624,0.11904962640790624,96.74,-0.022775,-0.09166666666666667,41.4,1.0538,0.682,0.29,0.696,
BSB_OKLAHOMA,36,Oklahoma,SEC,2026,2.0537766651511116,-0.20537766651511116,118.43,0.128708,0.1074403815580286,41.7,1.0628,0.5135,0.4054,0.5541,
NCAA_614703,167,Old Dominion,Sun Belt,2026,0.1674978004285825,-0.01674978004285825,110.19,0.071174,0.009272211720226851,38.0,0.9676,0.682,0.29,0.696,
NCAA_614704,168,Oregon St.,DI Independent,2026,1.044027987855796,-0.10440279878557962,108.02,0.056039,0.09617647058823528,42.7,1.0881,0.7778,0.1667,0.8056,
BSB_OREGON,38,Oregon,Big Ten,2026,1.1362360762663797,-0.11362360762663798,130.41,0.212335,0.034017264276228434,44.9,1.144,0.6316,0.2632,0.6842,
NCAA_614706,169,Pacific,WCC,2026,-0.4340193274739268,0.04340193274739268,77.16,-0.159477,-0.07851209253417454,38.1,0.9718,0.7222,0.2222,0.75,
NCAA_614707,170,UTRGV,Southland,2026,0.0,-0.0,102.47,0.017266,-0.109,38.9,0.9919,0.4118,0.5294,0.4412,
NCAA_614708,171,Penn St.,Big Ten,2026,0.0,-0.0,96.33,-0.025648,0.034017264276228434,40.9,1.0416,0.75,0.25,0.75,
NCAA_614709,172,Pepperdine,WCC,2026,0.4928997622868176,-0.04928997622868176,76.05,-0.167256,-0.07851209253417454,42.5,1.0827,0.6667,0.2857,0.6905,
NCAA_614710,173,Pittsburgh,ACC,2026,0.5439385369904144,-0.05439385369904144,130.91,0.215849,0.08763112639724847,41.2,1.0489,0.6316,0.3684,0.6316,
NCAA_614711,174,Portland,WCC,2026,0.8970893939318904,-0.08970893939318904,105.78,0.040373,-0.07851209253417454,39.2,0.9987,0.619,0.3333,0.6429,
NCAA_614712,175,Prairie View,SWAC,2026,0.0,-0.0,100.07,0.000513,-0.1444750656167979,38.7,0.9852,0.75,0.25,0.75,
NCAA_614713,176,Princeton,Ivy League,2026,0.0,-0.0,67.0,-0.230426,-0.14660818713450297,38.0,0.9669,0.75,0.25,0.75,
BSB_PURDUE,39,Purdue,Big Ten,2026,0.3853111441330568,-0.03853111441330568,121.64,0.151094,0.034017264276228434,36.3,0.9244,0.5789,0.3684,0.6053,
NCAA_614715,177,Quinnipiac,MAAC,2026,0.0198102418353034,-0.00198102418353034,97.75,-0.015718,-0.13712903225806453,37.9,0.965,0.682,0.29,0.696,
NCAA_614716,178,Radford,Big South,2026,0.0848490315141805,-0.00848490315141805,86.99,-0.090859,-0.08894097222222223,35.9,0.9143,0.8571,0.0476,0.9048,
NCAA_614717,179,Rhode Island,Atlantic 10,2026,0.534226249031788,-0.0534226249031788,105.25,0.036685,-0.0940284757118928,39.7,1.0109,0.6667,0.3333,0.6667,
NCAA_614718,180,Rice,American,2026,0.4889546687475791,-0.04889546687475791,91.24,-0.061171,-0.002210056772100565,39.6,1.0076,0.682,0.29,0.696,
NCAA_614719,181,Richmond,Atlantic 10,2026,0.6083600668734159,-0.0608360066873416,102.66,0.018547,-0.0940284757118928,39.5,1.0067,0.7,0.3,0.7,
NCAA_614720,182,Rider,MAAC,2026,-0.6418502276220602,0.06418502276220603,108.68,0.060644,-0.13712903225806453,42.2,1.0746,0.682,0.29,0.696,
BSB_RUTGERS,40,Rutgers,Big Ten,2026,1.0287813188012278,-0.10287813188012279,106.43,0.044935,0.034017264276228434,35.6,0.9079,0.682,0.29,0.696,
NCAA_614722,183,Sacred Heart,MAAC,2026,-0.8300401311042217,0.08300401311042217,89.0,-0.076843,-0.13712903225806453,40.7,1.0382,0.682,0.29,0.696,
NCAA_614723,184,St. Bonaventure,Atlantic 10,2026,0.0,-0.0,95.33,-0.03262,-0.0940284757118928,39.4,1.0049,0.7188,0.2812,0.7188,
NCAA_614724,185,Saint Joseph's,Atlantic 10,2026,0.5956123160698326,-0.05956123160698326,96.7,-0.02304,-0.0940284757118928,37.3,0.9513,0.7647,0.2353,0.7647,
NCAA_614725,186,Saint Louis,Atlantic 10,2026,-0.5034601874338457,0.05034601874338457,94.59,-0.037803,-0.0940284757118928,37.5,0.9542,0.8065,0.1935,0.8065,
NCAA_614726,187,Saint Mary's (CA),WCC,2026,0.0124486564703972,-0.00124486564703972,120.54,0.143417,-0.07851209253417454,38.7,0.9864,0.6154,0.2821,0.6667,
NCAA_614727,188,Saint Peter's,MAAC,2026,-0.8044925201968792,0.08044925201968793,77.27,-0.158727,-0.13712903225806453,39.3,1.0007,0.8205,0.1538,0.8333,
NCAA_614728,189,Sam Houston,CUSA,2026,0.0,-0.0,84.81,-0.106055,-0.0105483870967742,37.4,0.9517,0.6667,0.3056,0.6806,
NCAA_614729,190,Samford,SoCon,2026,-0.0743387163288864,0.007433871632888641,104.0,0.027935,-0.07245664739884393,40.4,1.0282,0.65,0.25,0.7,
NCAA_614730,191,San Diego St.,Mountain West,2026,0.4016885667398019,-0.040168856673980194,90.23,-0.068232,-0.05571111111111111,39.8,1.0141,0.682,0.29,0.696,
BSB_SAN_DIEGO,41,San Diego,WCC,2026,1.228736119188916,-0.1228736119188916,100.95,0.006612,-0.07851209253417454,36.0,0.9166,0.682,0.29,0.696,
NCAA_614732,192,San Francisco,WCC,2026,-0.1774236620292985,0.01774236620292985,85.21,-0.10328,-0.07851209253417454,39.2,0.9983,0.682,0.29,0.696,
NCAA_614733,193,San Jose St.,Mountain West,2026,0.0,-0.0,86.33,-0.095477,-0.05571111111111111,39.5,1.0061,0.682,0.29,0.696,
NCAA_614734,194,Santa Clara,WCC,2026,0.4512870938816102,-0.04512870938816102,87.94,-0.084199,-0.07851209253417454,40.8,1.0392,0.6429,0.3095,0.6667,
NCAA_614735,195,Seton Hall,Big East,2026,-0.2916663592429443,0.029166635924294432,93.55,-0.04506,-0.034480642115203027,34.9,0.8889,0.7333,0.2667,0.7333,
NCAA_614736,196,Siena,MAAC,2026,0.0,-0.0,92.42,-0.052948,-0.13712903225806453,35.1,0.8945,0.6471,0.2941,0.6765,
NCAA_614737,197,South Alabama,Sun Belt,2026,0.7283702117507707,-0.07283702117507707,101.03,0.007177,0.009272211720226851,38.8,0.9881,0.45,0.55,0.45,
BSB_SOUTH_CAROLINA,42,South Carolina,SEC,2026,0.8767920902794719,-0.0876792090279472,101.13,0.007887,0.1074403815580286,41.7,1.0619,0.6429,0.3214,0.6607,
NCAA_614739,198,South Dakota St.,Summit League,2026,0.0,-0.0,95.03,-0.034714,-0.12152873563218392,35.8,0.9133,0.6765,0.3235,0.6765,
NCAA_614740,199,South Fla.,American,2026,1.0744543939527809,-0.10744543939527809,102.95,0.020623,-0.002210056772100565,39.6,1.0099,0.5217,0.3913,0.5652,
NCAA_614741,200,Southeastern La.,Southland,2026,0.6444426394334013,-0.06444426394334013,104.43,0.030952,-0.109,42.9,1.0932,0.5789,0.4211,0.5789,
NCAA_614742,201,Southern California,Big Ten,2026,1.2261108485547405,-0.12261108485547406,98.83,-0.008138,0.034017264276228434,40.8,1.039,0.5,0.1667,0.6667,
NCAA_614743,202,Southern Ill.,MVC,2026,0.4104178012124225,-0.04104178012124225,103.73,0.026026,-0.0747113997113997,41.7,1.063,0.682,0.29,0.696,
NCAA_614744,203,SIUE,OVC,2026,-0.2273213718674714,0.02273213718674714,100.87,0.006063,-0.05965174129353233,41.4,1.0536,0.7576,0.2424,0.7576,
NCAA_614745,204,Southern U.,SWAC,2026,0.0,-0.0,108.83,0.061678,-0.1444750656167979,37.6,0.9569,0.6818,0.2903,0.6958,
NCAA_614746,205,Missouri St.,CUSA,2026,1.0570568231356483,-0.10570568231356484,127.29,0.190594,-0.0105483870967742,41.9,1.0684,0.5,0.3889,0.5556,
NCAA_614747,206,Texas St.,Sun Belt,2026,1.5523490852225827,-0.1552349085222583,109.41,0.065742,0.009272211720226851,38.9,0.9903,0.6667,0.3333,0.6667,
BSB_LOUISIANA,24,Louisiana,Sun Belt,2026,1.376943392128798,-0.1376943392128798,93.15,-0.047828,0.009272211720226851,36.3,0.9258,0.682,0.29,0.696,
BSB_STANFORD,43,Stanford,ACC,2026,0.2116337614190603,-0.02116337614190603,100.85,0.005968,0.08763112639724847,41.1,1.0459,0.682,0.29,0.696,
NCAA_614750,207,SFA,Southland,2026,0.087741065920478,-0.008774106592047802,106.66,0.046479,-0.109,36.3,0.9244,0.6818,0.2903,0.6958,
NCAA_614751,208,Stony Brook,CAA,2026,0.0,-0.0,85.1,-0.104047,-0.04763211382113821,40.6,1.0342,0.6154,0.3846,0.6154,
NCAA_614752,209,Tennessee Tech,OVC,2026,0.0,-0.0,96.19,-0.026618,-0.05965174129353233,40.4,1.0302,0.682,0.29,0.696,
NCAA_614753,210,UT Martin,OVC,2026,0.0,-0.0,99.68,-0.002232,-0.05965174129353233,39.5,1.0065,0.9091,0.0909,0.9091,
NCAA_614754,211,Bellarmine,ASUN,2026,0.4308761622729243,-0.04308761622729243,96.86,-0.021924,-0.06387780548628429,37.4,0.9537,0.682,0.29,0.696,
NCAA_614755,212,UC San Diego,Big West,2026,0.8664413923722906,-0.08664413923722906,95.49,-0.031469,-0.011920384951881007,41.0,1.0438,0.682,0.29,0.696,
NCAA_614756,213,Lindenwood,OVC,2026,0.2519696052618256,-0.02519696052618256,88.4,-0.081014,-0.05965174129353233,42.9,1.0932,0.6875,0.3125,0.6875,
NCAA_614757,214,Queens (NC),ASUN,2026,-0.5470243894569377,0.054702438945693765,68.37,-0.220884,-0.06387780548628429,40.0,1.0203,0.7632,0.1842,0.7895,
NCAA_614758,215,Southern Ind.,OVC,2026,1.129920985137464,-0.11299209851374642,104.2,0.029319,-0.05965174129353233,32.0,0.8154,0.682,0.29,0.696,
NCAA_614759,216,Stonehill,NEC,2026,-0.4706337933786221,0.04706337933786221,101.47,0.010276,-0.15,40.5,1.0325,0.682,0.29,0.696,
NCAA_614760,217,Le Moyne,NEC,2026,-2.3196553874759127,0.2319655387475913,108.38,0.05852,-0.15,34.4,0.8772,0.8333,0.1667,0.8333,
NCAA_614761,218,Tarleton St.,WAC,2026,0.6523281851718858,-0.06523281851718858,109.6,0.067021,-0.049385113268608415,38.0,0.9671,0.6757,0.2973,0.6892,
NCAA_614762,219,Tulane,American,2026,0.8115777801072733,-0.08115777801072734,100.47,0.003285,-0.002210056772100565,39.0,0.9939,0.6216,0.2973,0.6622,
NCAA_614763,220,Army West Point,Patriot,2026,0.0,-0.0,88.73,-0.078691,-0.08955399061032865,38.7,0.9849,0.682,0.29,0.696,
NCAA_614764,221,DBU,CUSA,2026,0.7079331926610714,-0.07079331926610714,128.98,0.20238,-0.0105483870967742,43.1,1.0987,0.5882,0.3529,0.6176,
NCAA_614765,222,Wofford,SoCon,2026,0.0324819105084099,-0.0032481910508409904,115.01,0.104826,-0.07245664739884393,43.8,1.1164,0.7333,0.2667,0.7333,
NCAA_614766,223,High Point,Big South,2026,0.93431009850449,-0.093431009850449,123.61,0.16487,-0.08894097222222223,43.7,1.1144,0.7222,0.2778,0.7222,
BSB_ARIZONA,2,Arizona,Big 12,2026,1.6598073773030912,-0.16598073773030914,97.21,-0.01949,0.05291589363017936,44.8,1.1413,0.682,0.29,0.696,
NCAA_614768,224,Fresno St.,Mountain West,2026,0.0,-0.0,104.71,0.03287,-0.05571111111111111,39.0,0.9943,0.7222,0.2778,0.7222,
BSB_DUKE,11,Duke,ACC,2026,0.572023381850135,-0.0572023381850135,110.57,0.073845,0.08763112639724847,42.5,1.082,0.682,0.29,0.696,
NCAA_614770,225,Evansville,MVC,2026,-0.0817037097260864,0.008170370972608641,81.02,-0.13253,-0.0747113997113997,40.6,1.0344,0.5429,0.4571,0.5429,
NCAA_614771,226,Grambling,SWAC,2026,-0.4555532957758134,0.04555532957758134,114.35,0.10022,-0.1444750656167979,40.8,1.0397,0.682,0.29,0.696,
NCAA_614772,227,LIU,NEC,2026,-0.5381792675722158,0.05381792675722158,117.41,0.121578,-0.15,45.3,1.1534,0.682,0.29,0.696,
BSB_NEBRASKA,32,Nebraska,Big Ten,2026,0.8038621278293038,-0.08038621278293039,107.55,0.052695,0.034017264276228434,35.0,0.8918,0.5789,0.3684,0.6053,
NCAA_614774,228,Nicholls,Southland,2026,1.305280502443016,-0.1305280502443016,90.17,-0.068626,-0.109,36.5,0.9312,0.64,0.36,0.64,
NCAA_614775,229,Oklahoma St.,Big 12,2026,0.900882476025696,-0.09008824760256962,125.33,0.176891,0.05291589363017936,44.2,1.1267,0.6296,0.3333,0.6481,
NCAA_614776,230,Oral Roberts,Summit League,2026,0.6178108137407843,-0.06178108137407843,88.46,-0.080581,-0.12152873563218392,37.5,0.9554,0.682,0.29,0.696,
NCAA_614777,231,Penn,Ivy League,2026,0.3925844576714368,-0.039258445767143685,72.01,-0.195446,-0.14660818713450297,39.8,1.0133,0.7368,0.2632,0.7368,
NCAA_614778,232,St. John's (NY),Big East,2026,0.5427584829029489,-0.054275848290294894,83.19,-0.117385,-0.034480642115203027,39.7,1.0105,0.682,0.29,0.696,
NCAA_614779,233,Southeast Mo. St.,OVC,2026,0.4763436124464054,-0.047634361244640544,115.3,0.106875,-0.05965174129353233,39.5,1.0065,0.5882,0.4118,0.5882,
NCAA_614780,234,Southern Miss.,Sun Belt,2026,1.151077357394274,-0.11510773573942741,106.67,0.046577,0.009272211720226851,37.3,0.9516,0.6429,0.3333,0.6548,
NCAA_614781,235,Stetson,ASUN,2026,0.535983043974117,-0.0535983043974117,90.36,-0.067306,-0.06387780548628429,37.3,0.9494,0.8108,0.1622,0.8243,
BSB_TENNESSEE,45,Tennessee,SEC,2026,1.3532182156704355,-0.13532182156704356,115.59,0.108864,0.1074403815580286,45.8,1.1669,0.5714,0.381,0.5952,
NCAA_614783,236,Mercyhurst,NEC,2026,-1.6966877471417678,0.1696687747141768,94.54,-0.038101,-0.15,39.0,0.9935,0.682,0.29,0.696,
NCAA_614784,237,West Ga.,ASUN,2026,-0.4949487717380197,0.04949487717380197,81.42,-0.129725,-0.06387780548628429,39.0,0.9947,0.682,0.29,0.696,
NCAA_614785,238,St. Thomas (MN),Summit League,2026,-1.7507874082564865,0.17507874082564867,82.01,-0.1256,-0.12152873563218392,35.3,0.9003,0.682,0.29,0.696,
NCAA_614786,239,Utah Tech,WAC,2026,-0.1563449046646928,0.01563449046646928,101.4,0.009757,-0.049385113268608415,35.2,0.897,0.682,0.29,0.696,
NCAA_614787,240,Akron,MAC,2026,0.0,-0.0,99.51,-0.003399,-0.09166666666666667,42.8,1.0899,0.6316,0.2632,0.6842,
NCAA_614788,241,Texas A&M,SEC,2026,1.4020072144676183,-0.14020072144676185,135.09,0.245045,0.1074403815580286,41.4,1.0557,0.6667,0.3056,0.6806,
BSB_TCU,44,TCU,Big 12,2026,1.125168579808874,-0.1125168579808874,102.05,0.014291,0.05291589363017936,36.9,0.9391,0.6429,0.2857,0.6786,
NCAA_614790,242,Texas Southern,SWAC,2026,-1.015289607274971,0.10152896072749712,133.23,0.232056,-0.1444750656167979,42.6,1.0848,0.682,0.29,0.696,
BSB_TEXAS_TECH,47,Texas Tech,Big 12,2026,0.6375575585881295,-0.06375575585881295,141.68,0.291036,0.05291589363017936,36.8,0.9367,0.6571,0.3429,0.6571,
NCAA_614792,243,UT Arlington,WAC,2026,0.3198965816706188,-0.03198965816706188,86.02,-0.097654,-0.049385113268608415,42.4,1.08,0.682,0.29,0.696,
BSB_TEXAS,46,Texas,SEC,2026,1.4339659087986685,-0.14339659087986686,126.18,0.182819,0.1074403815580286,41.0,1.0444,0.7,0.3,0.7,
NCAA_614794,244,UTSA,American,2026,0.6518441982100412,-0.06518441982100413,136.7,0.256268,-0.002210056772100565,35.6,0.9079,0.682,0.29,0.696,
NCAA_614795,245,Toledo,MAC,2026,0.7301960036262554,-0.07301960036262554,107.64,0.053377,-0.09166666666666667,37.9,0.9666,0.6667,0.303,0.6818,
NCAA_614796,246,Towson,CAA,2026,0.0689203859836339,-0.00689203859836339,90.59,-0.065717,-0.04763211382113821,43.7,1.1139,0.682,0.29,0.696,
NCAA_614797,247,Troy,Sun Belt,2026,0.018020571879492,-0.0018020571879492,110.08,0.070397,0.009272211720226851,40.9,1.0423,0.5278,0.4722,0.5278,
NCAA_614798,248,Air Force,Mountain West,2026,0.2308155454273286,-0.023081554542732863,112.8,0.089362,-0.05571111111111111,37.4,0.954,0.6744,0.2791,0.6977,
NCAA_614799,249,Navy,Patriot,2026,0.5226764984957613,-0.05226764984957613,90.29,-0.067781,-0.08955399061032865,34.2,0.872,0.65,0.3,0.675,
BSB_UTAH,51,Utah,Big 12,2026,-1.0941298357802964,0.10941298357802964,93.14,-0.047891,0.05291589363017936,36.3,0.9247,0.6765,0.2941,0.6912,
NCAA_614801,250,Valparaiso,MVC,2026,0.0,-0.0,88.2,-0.082403,-0.0747113997113997,43.8,1.1168,0.5882,0.4118,0.5882,
BSB_VANDERBILT,52,Vanderbilt,SEC,2026,1.2934461215008115,-0.12934461215008117,125.62,0.178914,0.1074403815580286,39.5,1.0072,0.4444,0.3889,0.5278,
NCAA_614803,251,Villanova,Big East,2026,-0.017795623079147,0.0017795623079147002,89.88,-0.070698,-0.034480642115203027,40.2,1.0243,0.7059,0.2353,0.7353,
NCAA_614804,252,VCU,Atlantic 10,2026,0.3308920709356353,-0.03308920709356353,99.32,-0.004723,-0.0940284757118928,41.6,1.0591,0.697,0.303,0.697,
NCAA_614805,253,VMI,SoCon,2026,0.6355175706608729,-0.06355175706608729,142.24,0.29496,-0.07245664739884393,38.5,0.9815,0.7297,0.2703,0.7297,
BSB_VIRGINIA_TECH,54,Virginia Tech,ACC,2026,0.0279947478783309,-0.00279947478783309,98.78,-0.008503,0.08763112639724847,40.1,1.0227,0.682,0.29,0.696,
BSB_VIRGINIA,53,Virginia,ACC,2026,0.5616380390611937,-0.05616380390611937,128.04,0.195832,0.08763112639724847,40.2,1.0231,0.682,0.29,0.696,
NCAA_614808,254,Wagner,NEC,2026,-1.18396117599613,0.118396117599613,103.21,0.022417,-0.15,36.9,0.9413,0.682,0.29,0.696,
BSB_WAKE_FOREST,55,Wake Forest,ACC,2026,0.7948410019736546,-0.07948410019736546,122.57,0.157593,0.08763112639724847,38.5,0.9816,0.682,0.29,0.696,
NCAA_614810,255,Washington St.,Mountain West,2026,0.0,-0.0,97.13,-0.020055,-0.05571111111111111,37.4,0.953,0.5897,0.359,0.6154,
BSB_WASHINGTON,56,Washington,Big Ten,2026,0.7234727252569854,-0.07234727252569854,92.29,-0.053825,0.034017264276228434,40.7,1.0371,0.5833,0.4167,0.5833,
BSB_WEST_VIRGINIA,57,West Virginia,Big 12,2026,0.8506384268465947,-0.08506384268465948,121.16,0.147769,0.05291589363017936,39.8,1.0147,0.6512,0.3023,0.6744,
NCAA_614813,256,Western Caro.,SoCon,2026,0.3878830853110175,-0.03878830853110175,110.3,0.071938,-0.07245664739884393,44.4,1.1318,0.6444,0.3556,0.6444,
NCAA_614814,257,Western Ill.,OVC,2026,0.0,-0.0,91.53,-0.059113,-0.05965174129353233,36.8,0.937,0.682,0.29,0.696,
NCAA_614815,258,Western Ky.,CUSA,2026,0.9319602641236177,-0.09319602641236177,117.14,0.119691,-0.0105483870967742,37.0,0.9422,0.682,0.29,0.696,
NCAA_614816,259,Western Mich.,MAC,2026,0.1169187674138987,-0.01169187674138987,94.31,-0.039742,-0.09166666666666667,35.6,0.9066,0.7333,0.2667,0.7333,
NCAA_614817,260,Wichita St.,American,2026,0.4922889460252215,-0.04922889460252215,131.7,0.221334,-0.002210056772100565,38.7,0.9866,0.6053,0.3684,0.6184,
NCAA_614818,261,William & Mary,CAA,2026,0.0,-0.0,91.97,-0.056066,-0.04763211382113821,38.6,0.9839,0.7442,0.2558,0.7442,
NCAA_614819,262,Winthrop,Big South,2026,0.5013425938236338,-0.05013425938236338,107.29,0.050921,-0.08894097222222223,40.5,1.0326,0.7838,0.2162,0.7838,
NCAA_614820,263,Milwaukee,Horizon,2026,-0.5758449211281134,0.05758449211281134,89.48,-0.073459,-0.10790726817042608,41.2,1.0495,0.5294,0.4706,0.5294,
NCAA_614821,264,Wright St.,Horizon,2026,0.4309711595527203,-0.04309711595527203,97.06,-0.020549,-0.10790726817042608,40.3,1.0272,0.682,0.29,0.696,
NCAA_614822,265,Xavier,Big East,2026,0.6317154818335937,-0.06317154818335938,78.32,-0.151377,-0.034480642115203027,38.8,0.9894,0.6905,0.2857,0.7024,
NCAA_614823,266,Yale,Ivy League,2026,-0.0133465652835642,0.00133465652835642,98.34,-0.011587,-0.14660818713450297,36.7,0.9357,0.9286,0.0714,0.9286,
NCAA_614824,267,Youngstown St.,Horizon,2026,-0.6309666478416837,0.06309666478416837,73.96,-0.181846,-0.10790726817042608,39.9,1.0159,0.6579,0.3421,0.6579,
NCAA_614825,268,Central Ark.,ASUN,2026,0.4634157938779489,-0.046341579387794894,95.42,-0.031998,-0.06387780548628429,37.9,0.9653,0.6,0.35,0.625,
NCAA_614826,269,Merrimack,MAAC,2026,0.0,-0.0,92.94,-0.049267,-0.13712903225806453,43.4,1.1056,0.8148,0.1852,0.8148,
NCAA_614827,270,Col. of Charleston,CAA,2026,0.0,-0.0,91.02,-0.062739,-0.04763211382113821,41.7,1.0617,0.682,0.29,0.696,
NCAA_614828,271,Elon,CAA,2026,0.0,-0.0,82.11,-0.124943,-0.04763211382113821,35.7,0.9086,0.8421,0.1579,0.8421,
NCAA_614829,272,Gardner-Webb,Big South,2026,0.0,-0.0,102.76,0.019304,-0.08894097222222223,36.9,0.9391,0.7692,0.1923,0.7885,
NCAA_614830,273,Grand Canyon,Mountain West,2026,0.4750741099494606,-0.04750741099494606,96.73,-0.022858,-0.05571111111111111,40.5,1.0319,0.6591,0.25,0.7045,
NCAA_614831,274,Kennesaw St.,CUSA,2026,0.1986788148113214,-0.01986788148113214,97.16,-0.01981,-0.0105483870967742,38.8,0.9883,0.6842,0.2632,0.7105,
NCAA_614832,275,Presbyterian,Big South,2026,0.066413234742918,-0.006641323474291801,91.89,-0.056602,-0.08894097222222223,36.2,0.9214,0.6923,0.2308,0.7308,
NCAA_614833,276,Seattle U,WCC,2026,0.0,-0.0,82.36,-0.123191,-0.07851209253417454,41.1,1.0465,0.682,0.29,0.696,
NCAA_614834,277,Ark.-Pine Bluff,SWAC,2026,0.4642638770736816,-0.046426387707368164,80.36,-0.137162,-0.1444750656167979,36.3,0.9254,0.682,0.29,0.696,
NCAA_614835,278,North Florida,ASUN,2026,0.444560800997392,-0.0444560800997392,103.72,0.025971,-0.06387780548628429,39.6,1.009,0.6923,0.3077,0.6923,
NCAA_614836,279,UIW,Southland,2026,0.0381193473729708,-0.00381193473729708,122.13,0.154521,-0.109,39.7,1.0105,0.6842,0.2895,0.6974,
NCAA_614837,280,USC Upstate,Big South,2026,0.424771875410696,-0.042477187541069605,117.83,0.124523,-0.08894097222222223,37.8,0.9631,0.6944,0.2778,0.7083,
NCAA_614838,281,Belmont,MVC,2026,0.2190932352609884,-0.02190932352609884,92.51,-0.052276,-0.0747113997113997,39.7,1.0114,0.682,0.29,0.696,
NCAA_614839,282,A&M-Corpus Christi,Southland,2026,0.5820015049512017,-0.05820015049512017,84.75,-0.106491,-0.109,36.2,0.9216,0.7368,0.2632,0.7368,
NCAA_614840,283,Lipscomb,ASUN,2026,0.0,-0.0,109.26,0.064664,-0.06387780548628429,38.4,0.9777,0.7368,0.2632,0.7368,
NCAA_614841,284,FGCU,ASUN,2026,0.975287403298835,-0.09752874032988351,127.3,0.190635,-0.06387780548628429,42.2,1.0746,0.6818,0.2903,0.6958,
NCAA_614842,285,Utah Valley,WAC,2026,0.408222998196516,-0.0408222998196516,120.04,0.139962,-0.049385113268608415,42.0,1.071,0.6471,0.2941,0.6765,
NCAA_614843,286,North Ala.,ASUN,2026,0.022093360716533,-0.0022093360716533,91.59,-0.058746,-0.06387780548628429,41.4,1.0551,0.682,0.29,0.696,
NCAA_614844,287,California Baptist,WAC,2026,1.3257906702728488,-0.1325790670272849,116.38,0.114409,-0.049385113268608415,41.1,1.048,0.682,0.29,0.696,
NCAA_614845,288,Abilene Christian,WAC,2026,0.8219316827579717,-0.08219316827579717,118.27,0.127551,-0.049385113268608415,41.6,1.0589,0.5278,0.3889,0.5694,
NCAA_614846,289,Alabama A&M,SWAC,2026,0.0,-0.0,98.0,-0.013948,-0.1444750656167979,38.4,0.9794,0.875,0.125,0.875,
NCAA_614847,290,Alabama St.,SWAC,2026,0.0,-0.0,100.15,0.001062,-0.1444750656167979,38.3,0.9763,0.875,0.125,0.875,
BSB_ALABAMA,1,Alabama,SEC,2026,1.4177314602910602,-0.14177314602910604,118.19,0.127032,0.1074403815580286,40.9,1.0411,0.682,0.29,0.696,
NCAA_614849,291,UAB,American,2026,0.7884394846528358,-0.07884394846528359,110.23,0.071449,-0.002210056772100565,38.4,0.9794,0.682,0.29,0.696,
NCAA_614850,292,UAlbany,America East,2026,-0.2577582011280944,0.02577582011280944,73.73,-0.183463,-0.12306451612903227,33.7,0.8583,0.871,0.129,0.871,
NCAA_614851,293,Alcorn,SWAC,2026,0.0,-0.0,83.65,-0.114144,-0.1444750656167979,32.8,0.8358,0.6818,0.2903,0.6958,
NCAA_614852,294,App State,Sun Belt,2026,0.176356537421128,-0.0176356537421128,109.77,0.068224,0.009272211720226851,37.4,0.9519,0.7297,0.2432,0.7432,
NCAA_614853,295,Arizona St.,Big 12,2026,1.1963205438609903,-0.11963205438609903,137.39,0.261112,0.05291589363017936,39.6,1.0085,0.682,0.29,0.696,
NCAA_614854,296,Arkansas St.,Sun Belt,2026,1.2911245222001422,-0.12911245222001422,98.77,-0.008614,0.009272211720226851,40.3,1.0273,0.6444,0.3111,0.6667,
BSB_ARKANSAS,3,Arkansas,SEC,2026,1.5057042112461465,-0.15057042112461466,108.48,0.059182,0.1074403815580286,36.1,0.9193,0.682,0.29,0.696,
NCAA_614856,297,Little Rock,OVC,2026,0.3757927854074983,-0.03757927854074983,100.23,0.001605,-0.05965174129353233,38.4,0.978,0.6923,0.3077,0.6923,
BSB_AUBURN,4,Auburn,SEC,2026,1.287048838966336,-0.1287048838966336,121.47,0.14992,0.1074403815580286,35.7,0.9104,0.682,0.29,0.696,
NCAA_614858,298,Austin Peay,ASUN,2026,0.5126978831823322,-0.05126978831823323,119.09,0.133314,-0.06387780548628429,39.4,1.0031,0.6765,0.2941,0.6912,
NCAA_614859,299,Ball St.,MAC,2026,-0.1752879833058034,0.01752879833058034,94.87,-0.035824,-0.09166666666666667,38.0,0.9687,0.7105,0.2632,0.7237,
NCAA_614860,300,Charleston So.,Big South,2026,0.2899716147484178,-0.028997161474841784,113.97,0.097559,-0.08894097222222223,34.7,0.883,0.682,0.29,0.696,
BSB_BAYLOR,5,Baylor,Big 12,2026,0.9327297839200792,-0.09327297839200793,107.95,0.055516,0.05291589363017936,36.6,0.9326,0.682,0.29,0.696,
NCAA_614862,301,Bethune-Cookman,SWAC,2026,0.3227522040360835,-0.032275220403608355,110.6,0.074028,-0.1444750656167979,45.6,1.162,0.7391,0.1739,0.7826,
NCAA_614863,302,Binghamton,America East,2026,0.4940890564585591,-0.04940890564585591,83.24,-0.11707,-0.12306451612903227,39.6,1.0095,0.5789,0.3684,0.6053,
BSB_BOSTON_COLLEGE,6,Boston College,ACC,2026,0.5635969871590257,-0.05635969871590257,96.5,-0.02447,0.08763112639724847,38.6,0.9825,0.625,0.3,0.6625,
NCAA_614865,303,Bowling Green,MAC,2026,0.0,-0.0,94.95,-0.035284,-0.09166666666666667,42.3,1.0785,0.6944,0.2778,0.7083,
NCAA_614866,304,Bradley,MVC,2026,-0.6420724536390966,0.06420724536390966,86.91,-0.091413,-0.0747113997113997,40.2,1.0229,0.682,0.29,0.696,
BSB_BYU,7,BYU,Big 12,2026,1.2381616568655385,-0.12381616568655385,106.21,0.043385,0.05291589363017936,42.9,1.0935,0.5833,0.3333,0.625,
NCAA_614868,305,Brown,Ivy League,2026,-0.1640602705361186,0.01640602705361186,90.35,-0.067361,-0.14660818713450297,36.2,0.923,0.7895,0.2105,0.7895,
NCAA_614869,306,Bryant,America East,2026,0.8103193699480665,-0.08103193699480665,103.26,0.022796,-0.12306451612903227,38.6,0.9846,0.682,0.29,0.696,
NCAA_615065,307,New Haven,NEC,2026,-1.7356479486526315,0.17356479486526316,64.44,-0.248287,-0.15,27.2,0.6917,0.682,0.29,0.696,
NCAA_621265,308,La Salle,Atlantic 10,2026,-0.2044505757428284,0.020445057574282843,112.13,0.084728,-0.0940284757118928,42.3,1.077,0.8,0.2,0.8,
